100,100,1000,1000
91.562,100,1000,1047.3
91.562,104.15,977.19,1047.3
102.11,120.01,977.19,1047.3
115.32,110.41,977.19,1010.5
114.56,110.41,987.96,1010.5
112.5,110.41,985.41,1041.8
119.58,122.73,985.41,1041.8
116.98,129.61,948.97,1054.6
116.94,129.61,948.97,1054.6
104.37,120.98,994.68,1024.1
121.08,137.8,994.68,1000.1
110.86,136.1,994.68,1000.1
111.48,136.1,994.68,1021
112.23,136.1,994.68,998.5
121.57,134.58,994.68,952
121.57,109.43,994.68,1009.4
121.57,109.43,940.44,1009.4
120.37,115.53,940.44,996.24
120.37,115.57,913.83,996.24
120.37,115.57,941.16,1022.2
117.08,116.4,951.86,1022.2
117.08,113,954.39,1022.2
101.54,119.83,954.39,1022.2
95.574,114.71,954.39,1022.2
101.32,130.37,954.39,1022.2
126.42,130.37,954.39,1022.2
126.42,130.37,954.39,1022.2
126.42,130.37,954.39,1022.2
126.42,126.5,954.39,1022.2
110.33,126.05,954.39,1022.2
102.45,126.05,941.18,1022.2
98.94,117.08,941.18,1022.2
98.94,117.08,922.22,1022.2
95.367,101.52,967.64,1000.5
91.649,95.574,967.64,1000.5
87.338,99.051,967.64,1000.5
87.338,102.51,967.64,1025.2
93.152,102.58,944.61,1025.2
93.253,102.58,944.61,1025.2
98.447,101.35,944.61,1025.2
99.53,101.35,944.61,1059.3
94.519,101.35,944.61,1059.3
80.554,97.658,944.61,1052.6
80.554,97.658,963.15,1052.6
81.435,95.628,945.08,1002.3
85.691,104.61,963.78,985.76
97.965,104.61,963.78,985.76
90.447,114.36,963.78,985.76
92.44,105.26,961.02,1006.2
97.765,98.55,961.02,1006.2
89.168,98.55,961.02,1006.2
89.168,98.55,972.28,1006.6
90.495,98.55,972.28,1006.6
90.495,111.77,934.47,1006.6
94.724,111.77,997.25,1006.6
94.724,111.77,991.01,1006.6
103.4,117.61,991.01,1006.6
116.9,112.63,882.72,1006.6
116.9,114.35,994.39,1006.6
94.338,114.35,929.99,992.29
102.41,111.94,932.51,992.29
102.41,111.94,934.77,1024.4
95.271,111.94,945.79,1024.4
94.01,117.29,945.79,1002
98.206,117.29,945.79,1002
94.234,116.77,945.79,1002
95.576,116.77,969.81,1002
95.576,116.77,969.81,1029.2
100.88,107.74,969.81,1070.7
100.53,101.85,969.81,1076.2
100.53,108.38,969.81,1076.2
99.307,107.63,969.81,952.09
99.867,107.63,934.56,945.28
99.258,107.63,934.56,945.28
91.899,104.84,934.56,945.28
91.899,110.66,934.56,945.28
91.899,106.41,934.56,1033.6
91.899,121.8,935.77,1033.6
100.46,121.8,935.77,1046.8
103.43,131.11,935.77,979.92
115.17,115.46,935.77,1010.1
115.17,115.46,935.77,1010.1
109.84,114.76,961.58,1010.1
110.89,101.21,948.45,1033.3
120.61,101.21,1000,1051.3
99.56,106.87,1000,1034.1
94.676,106.66,1000,981.13
88.362,106.66,1000,981.13
105.52,118.56,939.97,981.87
105.52,118.53,939.97,984.23
105.52,123.1,919.49,984.23
104.8,137.03,923.37,984.23
108.84,119.99,923.37,1012.1
100.95,120.37,923.37,1012.1
99.982,108.84,923.37,1012.1
113.09,114.97,923.37,1004.8
103.14,114.19,923.37,1004.8
104.67,111.48,923.37,1004.8
104.67,113.44,923.37,1004.8
104.67,122.48,923.37,1004.8
107.38,111.59,923.37,1004.8
107.38,116.01,957.15,1003.9
103.88,118.12,957.15,1003.9
121.46,118.12,957.15,1003.9
109.59,113.98,891.04,1003.9
109.59,115.95,891.04,1003.9
110.71,107.07,892.33,1003.9
110.71,107.07,892.33,1003.9
110.71,119.86,910.34,979.96
113.63,104.37,941.59,979.96
113.09,112.52,941.59,979.96
113.09,112.52,941.91,979.96
95.508,112.52,941.91,979.96
99.683,112.97,930.29,979.96
104.55,112.97,969.62,953.32
98.376,112.97,912.5,953.32
102.2,104.09,982.49,1103.7
102.2,104.09,982.49,1103.7
102.2,105.44,982.49,1082.6
110.42,105.44,982.49,996.23
108.61,105.44,956.76,996.23
101.67,99.753,1018.3,996.23
101.67,99.753,1018.3,996.23
94.395,99.753,1017,996.23
106.54,112.22,936.26,996.23
90.9,99.163,936.26,996.23
90.9,99.163,936.26,996.23
83.436,99.163,936.26,996.23
83.436,95.404,936.26,996.23
83.436,95.404,936.26,996.23
74.455,101.38,949.24,996.23
72.845,89.732,949.24,1023.4
72.845,89.732,949.24,1023.4
77.481,87.797,937.08,1059.4
91.568,92.599,937.08,1059.4
85.614,94.914,983.97,1059.4
91.465,94.914,983.97,1051.9
91.465,94.914,983.97,1051.9
100.76,113.25,983.97,959.29
100.76,120.24,983.97,1004.4
100.76,120.24,983.97,1004.4
90.183,120.24,983.97,1004.4
109.17,120.24,1009.4,1004.4
124.76,120.24,1009.4,1004.4
124.76,120.24,1009.4,1004.6
124.76,120.24,998.84,1004.6
100.24,107.48,998.84,1034.6
100.53,107.48,998.84,1045.8
100.53,99.65,998.84,1010.9
97.537,99.65,913.07,1010.9
110.91,111.07,922.11,1010.9
110.91,113.47,922.11,989.08
89.393,115.83,922.11,989.08
89.393,115.83,922.11,989.08
93.469,107.94,922.11,989.08
93.469,121.81,937.8,989.08
111.88,132.47,1019,989.08
122.8,132.47,1019,989.08
124.18,122.99,960.28,1037.1
119.51,122.99,983.54,1037.1
119.51,122.61,1001.5,972.98
117.11,122.61,1006,1023.9
117.11,122.61,1006,1023.9
116.72,122.61,1006,1023.2
116.72,122.61,997.08,1023.2
105.86,119.49,997.08,1023.2
118.59,128.81,997.08,1023.2
102.75,128.81,997.08,1005.7
102.75,128.81,931.03,1005.7
108.89,128.81,931.03,1005.7
108.89,127.66,931.03,1005.7
107.52,126.28,931.03,997.81
116.55,116.32,931.03,966.82
103.97,118.17,931.03,966.82
103.97,118.17,931.03,984.45
103.97,112.5,1017,984.45
93.983,112.5,1017,984.45
108.89,112.5,1017,987.65
108.89,112.5,987.2,987.65
111.56,109.78,931.32,995.32
104.69,109.78,931.32,995.32
106.91,109.78,931.32,995.32
106.91,109.78,956.91,995.32
106.91,109.78,956.91,995.32
110.7,109.78,956.91,995.32
110.7,109.78,941.93,995.32
87.179,109.78,941.93,995.32
87.179,109.78,941.93,995.32
87.179,97.848,939,995.32
87.179,114.96,939,995.32
95.99,96.251,934.53,995.32
95.99,96.251,928.62,995.32
95.99,99.016,928.62,995.32
95.99,94.257,931.65,1045.2
88.103,94.257,943.72,1045.2
88.103,102.76,943.72,1045.2
88.103,99.402,943.72,1045.2
88.796,99.402,943.72,1045.2
88.796,99.402,915.15,1045.2
88.796,99.402,967.03,1045.9
88.796,99.402,967.03,1019.4
88.796,99.402,959.49,1019.4
88.796,96.627,959.49,1019.4
83.826,100.68,959.49,1019.4
69.535,100.68,959.49,1019.4
77.264,100.68,916.99,1019.4
91.235,100.68,996.99,1019.4
93.346,100.68,996.99,1019.4
93.346,109.84,996.99,1035.9
114.84,109.84,996.99,1035.9
114.84,109.84,962.99,1035.9
93.938,109.84,962.99,1035.9
103.18,109.84,962.99,1007.7
97.693,109.84,962.99,1007.7
101.97,109.84,962.99,1021.6
76.4,98.599,947.78,1021.6
92.452,98.599,947.78,1018.7
95.967,98.599,947.78,1026.7
93.119,98.599,947.78,1048
93.119,98.961,947.78,1048
93.119,98.961,947.78,1049.5
93.119,101.35,947.78,1049.5
93.119,101.35,947.78,1049.5
101.2,101.35,947.78,941.14
101.93,101.35,947.78,1006
91.68,104.17,947.78,1006
106.57,104.87,942.89,1006
106.57,118.75,935.44,1006
106.57,118.75,935.44,1006
92.359,118.75,935.44,986.24
107.64,118.75,935.44,986.24
107.64,118.75,935.44,975.83
98.097,118.75,945.15,998.32
102.14,118.75,967.89,1014.4
102.14,113.58,967.89,1020.5
102.14,140.49,967.89,1020.5
102.14,105.43,967.89,1018
102.14,105.43,931.47,1014.8
102.14,120.08,931.47,1002.4
99.576,120.08,931.47,1007.3
99.576,100.86,931.47,1005.4
99.576,100.86,931.47,1005.4
99.868,100.86,892.62,1010.7
99.868,111.65,892.62,1016.7
77.421,111.65,892.62,1017.9
71.173,88.633,892.62,1017.9
71.173,88.633,970.22,1017.9
71.173,88.633,970.22,1016.4
84.7,98.137,970.22,1016.4
85.859,115.77,970.22,1016.4
94.962,97.086,970.22,1019.4
90.001,111.17,970.22,1026.2
90.001,102.2,970.22,1060.9
98.603,102.2,970.22,1060.9
98.603,102.2,970.22,1060.9
92.609,88.789,992.6,1060.9
92.609,100.17,947.08,1060.9
92.609,105.53,947.08,1050.7
92.609,105.53,885.47,1050.7
92.609,105.53,963.18,1050.7
82.272,110.22,963.18,1050.7
82.272,110.22,963.18,971.23
81.185,110.22,963.18,971.23
93.196,108.89,963.18,971.23
95.895,108.89,963.18,1033.9
109.12,113.9,963.18,1033.9
109.12,113.9,963.18,1005.1
99.541,119.55,971.39,1005.1
99.541,113.49,971.39,1005.1
100.44,127.4,935.3,1005.1
100.44,114.08,935.3,972.89
100.44,100.82,943.45,972.89
100.7,100.82,943.45,972.89
100.7,107.78,943.45,972.89
89.326,107.78,943.45,972.89
102.64,107.78,943.45,984.33
102.64,107.78,943.45,984.33
121.28,120.87,943.45,984.33
107.13,132.63,943.45,984.33
107.13,111.42,943.45,984.33
107.13,112.36,961.33,984.33
107.13,112.36,961.33,984.33
107.13,112.36,992.28,984.33
107.13,106.23,992.28,984.33
103.86,106.23,931.2,984.33
115.62,114,931.2,984.33
115.62,118.37,968.69,1059.1
117.79,120.71,968.69,1059.1
117.79,120.71,958.94,959.66
117.79,120.83,958.94,959.66
103.22,109.5,958.94,1028
90.356,109.5,952.05,1028
87.645,97.181,952.05,997.18
92.802,107.25,952.05,997.18
92.802,116.38,952.05,997.18
92.802,116.38,952.05,997.18
115.97,102.96,952.05,1010.8
115.97,116.26,952.05,1010.8
85.202,116.26,952.05,1010.8
85.202,107.83,909.11,1010.8
85.202,101.79,909.11,1010.8
93.119,101.79,909.11,1010.8
93.24,95.091,909.11,1010.8
93.24,100.03,909.11,1010.8
93.24,100.03,909.11,1010.8
79.362,98.607,975,1010.8
79.919,98.023,975,1010.8
79.919,102.8,933.42,1010.8
82.047,98.059,933.42,1010.8
82.047,98.059,926.55,1010.8
84.013,86.05,926.55,1010.8
82.693,100.88,897.09,1010.8
82.693,85.418,897.09,1010.8
91.275,101.07,897.09,1010.8
91.275,101.07,897.09,1010.8
91.275,101.07,897.09,1010.8
91.275,106.69,907.37,1000.1
87.01,106.69,916.27,1010.7
90.829,118.23,916.27,1010.7
111.59,109.44,916.27,1010.7
111.59,116.7,916.27,1010.7
111.59,112.08,908.38,1010.7
111.59,112.08,908.38,1020.6
99.688,119.95,943.45,1020.6
102.28,119.95,956.62,1020.6
102.28,119.95,956.62,1020.6
111.08,114.08,956.62,996.32
117.4,116.8,956.62,996.32
117.4,110.84,933.22,996.32
117.4,110.84,933.22,1031.5
91.007,104.19,887.63,1031.5
91.007,112.16,887.63,1031.5
90.546,130.01,887.63,1031.5
96.437,130.01,947.76,1031.5
96.257,127.78,947.76,1031.5
100.4,127.78,909.26,1031.5
100.4,134.69,939.07,991.16
94.912,123.2,930.25,991.16
107.87,102.23,1008.4,1026.3
99.284,118.72,943.21,1026.3
99.284,117.45,954.58,1026.3
92.087,117.45,950.5,974.35
91.804,119.54,950.5,974.35
94.015,119.54,950.5,974.35
94.015,96.557,950.5,974.35
94.581,104.83,950.5,974.35
94.581,102.34,950.64,974.35
94.581,102.34,950.64,974.35
102.87,114.85,911.9,974.35
98.273,123.93,911.9,1002
98.273,105.54,911.9,1002
98.273,105.54,911.9,1002
98.273,101.91,911.9,1002
98.273,101.91,911.9,1002
92.874,101.91,911.2,1002
92.874,101.91,911.2,1002
101.49,101.91,965.86,988.78
101.49,107.35,934.61,1034.2
98.775,107.35,953.07,972.33
98.775,97.939,953.07,1023
113.05,122.73,944.16,1023
113.05,122.73,944.16,987.19
98.843,117.55,983.54,1002.7
117.26,117,983.54,1002.7
117.26,117,983.08,983.74
104.48,117,983.08,982.54
104.48,117,937.77,985.88
104.48,117,937.77,985.88
104.48,117,937.77,1061.6
104.48,117,937.77,1080.1
104.48,117,959.21,1037.4
106.44,106.67,959.21,1037.4
92.302,106.67,938.02,1037.4
92.302,100.09,938.02,972.24
110.95,123.48,938.02,1032.3
110.95,123.48,938.02,1032.3
110.95,123.48,938.02,1032.3
110.95,123.48,938.02,1032.3
95.507,91.538,938.02,1056.9
95.507,114.73,948.55,1056.9
94.717,120.53,948.55,1004.5
121.89,120.53,948.55,1004.5
121.89,120.53,948.55,1004.5
105,133.18,947.77,966.44
101.77,104.41,947.77,1008.4
101.77,106.34,947.77,1008.4
101.77,106.34,947.77,1008.4
100.75,123.45,947.77,1008.4
100.75,105.62,988.86,1008.4
100.75,105.62,988.86,1008.4
100.75,102,988.86,974.83
100.75,102,988.86,974.83
100.75,102,988.86,974.83
100.75,118.35,988.86,1056.4
100.75,118.35,988.86,1053.3
100.75,125.48,907.96,1053.3
100.75,110.31,907.96,1053.3
121.71,127.99,907.96,1053.3
121.02,124.66,953.85,1053.3
106.15,124.66,993.35,1053.3
106.15,124.66,993.35,1053.3
117.5,140.99,966.75,955.93
120.91,140.99,966.75,1021.2
120.91,123.69,966.75,1021.2
120.91,129.68,966.75,1010.2
123.12,129.68,966.75,1029.7
123.12,133.67,916.93,1029.7
123.12,138.41,916.93,1029.7
123.12,138.41,916.93,1029.7
123.12,139.15,916.93,1003.5
101.53,139.15,1002.7,1013.9
117.06,139.15,1002.7,1013.9
109.76,92.188,1002.7,1013.9
110.22,92.188,946.48,1013.9
100.49,114.35,946.48,985.28
100.49,114.35,946.48,985.28
105.69,114.35,954.17,985.28
118.2,131.76,954.17,985.28
118.2,131.76,954.17,985.28
118.89,125.66,980.18,985.28
114.36,125.66,980.18,985.28
97.562,125.66,980.18,1051.8
108.11,103.67,980.18,1051.8
108.11,116.74,980.18,1051.8
108.11,116.74,980.18,1051.8
108.11,111.05,946.3,1051.8
84.998,91.492,946.3,1051.8
84.998,101.33,946.3,1051.8
103.59,101.33,928.29,1023
103.59,101.33,928.29,1023
104.26,101.33,928.29,1023
97.889,101.33,921.26,1023
86.064,101.33,921.26,1023
86.064,102.8,921.26,1023
89.342,104.14,955.83,994.72
110.02,111.73,955.83,994.72
123.37,125.33,955.83,994.72
123.37,125.33,955.83,1021.1
123.37,124.52,1023.3,1021.1
114.24,130.22,992,1021.1
114.24,104.82,923.07,1028.6
92.644,87.078,973.32,1001.3
96.224,90.249,973.32,1001.3
102.97,90.249,1011.6,997.13
88.651,92.217,936.03,997.13
88.651,92.217,936.03,997.13
95.137,92.217,936.03,997.13
95.137,90.663,936.03,1023.7
85.748,92.366,936.03,999.06
85.748,92.366,936.03,999.06
88.072,92.366,936.03,1017
94.098,92.366,960.09,1017
92.923,92.366,960.09,1017
92.923,92.366,960.09,1017
99.982,92.366,960.09,1017
76.293,92.366,960.09,1017
76.293,92.366,922.22,1017
83.4,96.975,953.16,1017
109.18,131.95,953.16,1017
125.31,131.95,934.93,1017
126.05,131.95,934.93,1017
126.05,130.89,916.38,1017
109.6,130.89,916.38,1017
110.46,126.06,1005.2,1017
110.46,126.06,1005.2,1017
110.46,108.29,1005.2,1017
118.26,108.29,1005.2,1017
112.29,108.29,1005.2,1017
103.39,108.29,1003.1,1100.7
104.24,108.29,979.51,949.26
104.24,108.29,979.51,956.13
102.85,110.63,979.51,956.13
102.85,110.63,979.01,956.13
102.85,110.63,941.57,986.73
102.85,111.35,941.57,986.73
118.4,120.65,941.57,986.73
109.88,120.65,987.04,1029.4
129.01,136.62,987.04,1029.4
107.88,136.62,1007,1029.4
107.88,121.49,1007,1038.5
107.88,126.33,1007,1038.5
107.88,126.33,1007,1038.5
108.72,112.54,1007,1038.5
103.61,112.54,1007.1,1034.1
103.61,112.54,1007.1,1034.1
118.9,123.6,1040.9,1034.1
118.9,123.6,1040.9,1002
121.4,123.6,1040.9,1002
114.11,120.62,1032.4,1002
114.11,111.38,916.52,1042.4
114.11,111.38,1001.4,1042.4
100.45,111.38,1001.4,1042.4
101.16,111.38,1003.4,1042.4
101.16,111.38,1013.7,1042.4
112.72,111.38,1013.7,1042.4
122.51,111.38,920.32,1042.4
114.98,111.38,920.32,1042.4
82.537,111.38,920.32,1042.4
82.537,97.883,920.32,1042.4
82.537,97.883,920.32,1042.4
83.943,96.742,920.32,1042.4
88.351,115.88,920.32,1042.4
92.697,115.88,942.56,968.37
92.697,115.88,945.14,968.37
92.697,101.03,945.14,1017.9
92.697,101.03,945.14,1017.9
104.91,101.03,924.78,1017.9
104.91,101.03,919.47,1017.9
98.572,101.03,918.62,1017.9
87.651,101.03,927.82,1014.1
87.651,103.03,930.04,993.09
84.086,103.03,930.04,993.09
75.415,103.03,930.04,993.09
70.731,103.03,930.04,993.09
87.874,104.5,930.04,993.09
106.91,104.5,930.04,993.09
104.06,104.5,930.04,993.09
104.06,117.61,930.04,993.09
99.398,117.61,930.04,993.09
99.398,93.454,930.04,993.09
97.974,95.543,930.04,1004.3
97.974,103.43,930.04,953.54
93.617,103.43,960.7,953.54
93.492,107.78,919.47,953.54
93.492,107.78,919.47,965.13
93.492,107.78,971.5,956.31
115.04,125.62,987.9,985.48
117.07,121.52,964.4,985.48
106.48,107.04,950.48,985.48
106.48,107.04,964.63,985.48
106.48,110.25,964.63,1002.7
97.916,110.25,964.63,1002.7
97.916,110.25,964.63,1002.7
82.382,102.63,964.63,1002.7
90.821,102.63,964.63,1002.7
104.26,102.63,949.22,1024
104.26,102.63,904.27,1024
91.602,102.63,931.22,1003.6
105.1,102.63,931.22,1003.6
105.1,102.63,931.22,1003.6
83.279,99.51,931.22,1003.6
83.279,96.863,943.45,1003.6
88.887,96.863,943.45,1042.6
88.887,105.71,943.45,1042.6
88.887,88.442,943.45,1042.6
88.887,89.956,943.45,1042.6
88.887,89.956,943.45,1042.6
89.121,97.307,943.45,1003.2
89.121,97.307,939.81,1003.2
104.26,109.06,939.81,1003.2
104.26,104.53,939.81,1003.2
104.26,104.53,939.54,981.37
104.26,97.679,983.83,1002.8
110.26,97.679,983.83,1002.8
100.14,97.679,922.21,1002.8
100.14,120.46,922.21,1002.8
104.99,108.87,922.21,1002.8
104.99,141.91,922.21,1002.8
98.659,141.91,922.21,1002.8
98.659,141.91,922.21,985.91
113.56,141.91,931.72,985.91
113.56,141.91,941.51,985.91
101.57,141.91,941.51,985.91
101.57,134.25,941.51,985.91
102.39,135,941.51,985.91
102.39,135,941.51,1019.5
96.363,135,921.75,1019.5
104.69,135,921.75,1019.5
104.69,140.72,979.73,1019.5
125.04,138.03,997.38,1019.5
123.33,138.03,997.38,1019.5
127.8,141.44,997.38,979.55
127.8,138.26,997.38,979.55
127.8,111.97,965.26,979.55
127.18,111.78,965.26,1022.9
127.18,135.04,965.26,1018.2
125.19,135.04,965.26,1018.2
109.14,144.57,965.26,1018.2
109.14,144.57,965.26,1018.2
123.41,137.94,965.26,969.91
123.41,137.94,965.26,969.91
116.14,119.86,965.26,969.91
116.14,119.86,965.26,969.91
95.471,119.86,965.26,1045
113.89,119.86,989.98,1054.9
113.89,112.14,989.98,1022.8
107.12,112.14,989.98,1014.7
112.93,119.63,989.98,1029.4
112.66,131.18,978.11,1029.4
113.79,124.44,954.92,1029.4
113.79,135.04,984.67,1029.4
94.288,123.84,984.67,971.39
94.288,119.14,984.67,971.44
95.414,104.21,984.67,971.44
89.94,105.43,984.67,971.44
89.94,105.43,874.92,971.44
83.005,105.43,874.92,971.44
88.792,105.43,877.18,1003.7
93.232,105.43,877.18,1003.7
87.546,109.03,880.05,1003.7
87.709,98.277,939.37,1003.7
87.709,106.88,984.72,1003.7
77.164,97.397,984.72,1028.1
77.164,97.397,867.55,1003.9
77.164,97.397,867.39,1033.1
77.164,97.397,867.39,1033.1
87.176,87.766,867.39,1033.1
87.176,83.889,853.83,1033.1
77.822,92.826,857.04,1022.9
77.822,92.826,916.3,1022.9
77.822,85.781,916.3,1022.9
77.822,85.724,916.3,1022.9
77.822,85.724,916.3,1009.7
77.822,85.724,971.13,1009.7
72.936,92.433,971.13,1009.7
101.87,108.64,971.13,1003.5
94.274,112.2,971.13,1003.5
94.274,104.09,971.13,1017.6
105.88,109.44,944.77,1017.6
105.88,109.44,930.35,1017.6
90.477,111.61,930.35,1017.6
90.477,111.61,930.35,1014.6
91.027,111.61,930.35,1014.6
91.027,111.61,930.35,996.73
92.479,107.49,930.35,996.73
92.479,102.38,930.35,1021.4
92.479,102.38,930.35,1021.4
103.13,102.38,930.35,1040.6
87.099,102.38,979.85,1040.6
93.531,117.22,979.85,1040.6
93.531,117.22,979.85,1009.2
95.567,117.22,979.85,1025.3
104.15,117.22,979.85,1012.1
100.6,95.946,1022.1,1012.1
105.27,94.73,1022.1,1012.1
105.27,108.59,1022.1,1012.1
105.27,126.6,964.27,1012.1
112.98,126.6,964.27,1012.1
112.98,130.03,964.27,991.13
95.577,130.03,964.27,1028.4
94.896,130.03,964.27,1028.4
90.815,130.03,978.74,1028.4
93.54,122.28,978.74,1025.1
90.599,122.28,947.43,1003.8
93.647,122.28,947.43,1003.8
107.42,122.28,947.43,1003.8
107.42,127.24,947.43,1035.6
91.691,127.24,947.43,1035.6
91.691,127.24,947.43,1026
91.691,126.81,947.43,1026
85.996,126.81,947.43,1026
107.51,126.81,948.48,1026
107.51,122.81,914.23,1026
114.91,122.81,914.23,1026
114.91,122.81,918.65,1026
98.276,122.81,918.65,1026
98.276,104.84,918.65,1026
98.276,104.84,918.65,1072.4
98.276,100.69,918.94,1027.6
92.529,100.69,918.94,990.72
92.529,100.69,918.94,990.72
101.56,100.69,918.94,1026.9
101.56,100.69,1021.3,1026.9
101.56,119.49,974.91,1026.9
93.732,113.94,974.91,1026.9
93.732,95.847,974.91,999.83
95.052,100.96,1015.1,999.83
95.052,100.96,1015.1,990.17
113.18,100.96,908.16,990.17
93.075,100.96,908.16,990.17
93.075,102.9,989.23,990.17
105.89,119.71,989.23,990.17
97.501,119.71,963.55,990.17
97.501,103.71,963.55,1049.6
97.501,110.62,963.55,1074.2
99.332,111.15,963.55,1074.2
114.92,106.97,963.55,980.15
114.92,127.52,963.55,980.15
114.92,127.52,963.55,980.15
105.79,104.79,963.55,1009.4
105.79,104.79,963.55,1009.4
105.79,104.79,963.55,1009.4
94.576,99.037,963.55,1009.4
94.576,111.13,963.55,1034.6
94.576,117.89,963.55,1034.6
112.98,117.89,963.55,1034.6
107.3,117.89,930.29,985.41
124.79,114.19,930.29,985.41
90.85,114.19,930.29,985.41
99.534,114.19,972.73,985.41
99.534,113.77,974.33,985.41
99.534,106.41,974.33,985.41
99.534,108.3,974.33,985.41
99.534,102.51,974.33,985.41
105.76,102.51,974.33,985.41
105.76,102.51,974.33,985.41
97.243,102.51,974.33,985.41
114.75,114.5,974.33,985.41
122.49,114.5,974.33,985.41
122.49,114.5,974.33,985.41
122.49,114.5,974.33,1050.9
87.697,114.5,974.33,1031.8
94.079,110.98,974.33,1060.5
89.209,110.98,985.96,1046.1
95.777,110.98,950.34,1004.9
95.777,106.03,950.34,1004.9
98.734,106.03,950.34,1004.9
118.75,119.62,950.34,1018.2
94.399,108.89,959.67,1018.2
107.05,108.89,959.67,1015.9
107.05,131.53,959.67,1015.9
107.05,131.53,959.67,1029.7
112.25,133.22,959.67,1029.7
104.83,112.6,959.67,1029.7
104.83,96.821,959.67,1005.9
105.66,96.821,959.67,1005.9
105.66,96.821,959.67,1005.9
105.66,96.821,959.67,978.41
89.527,96.821,959.67,978.41
89.527,96.821,959.67,992.72
86.864,105.78,959.67,1058.3
86.864,105.78,959.67,1058.3
96.123,103.94,920.51,1058.3
96.123,120.36,884.36,1058.3
96.123,120.36,884.36,1058.3
99.415,109.24,884.36,1058.3
99.415,109.24,884.36,1058.3
107.52,109.24,884.36,1015.5
91.998,109.24,909.71,1015.5
91.998,116.56,909.71,1015.5
107.68,118.99,975.85,1015.5
107.68,113.48,975.85,1015.5
103.97,116.41,975.85,1015.5
103.97,116.41,934.3,1015.5
100,109.84,934.3,1015.5
92.174,96.999,934.3,1015.5
89.833,97.303,934.3,1015.5
89.833,97.303,941.77,1015.5
89.833,98.249,941.77,1015.5
89.833,98.249,941.77,1015.5
97.012,98.249,943.26,962.95
92.947,98.249,943.26,962.95
92.947,109.27,948,962.95
92.947,121.48,948,1044.8
91.239,102.1,948,1044.8
95.043,92.876,948,1020
95.043,92.876,946.8,1020
95.043,111.53,946.8,1000.9
95.043,111.53,946.8,1027.8
95.043,111.53,938.7,1027.8
97.372,111.53,942.55,1027.8
97.372,111.53,973.95,1044.1
97.329,111.53,927.79,1044.1
97.329,111.53,927.79,1037.3
101.09,111.53,927.79,1037.3
99.641,111.53,927.79,1037.3
99.155,111.27,927.79,1037.3
99.155,111.27,937.4,962.16
107.26,106.44,937.4,1025.7
92.695,106.44,937.4,1025.7
92.695,91.4,937.4,1025.7
92.695,124.55,937.4,1025.7
92.695,124.55,937.4,1065.7
92.695,107.34,937.4,1074.7
92.695,102.66,937.4,963.14
92.695,113.5,937.4,963.14
92.695,100.25,937.4,963.14
92.695,106.94,937.4,966.87
92.695,106.94,948.4,1032.6
88.856,106.95,948.4,1032.6
88.856,94.079,948.4,1032.6
88.856,94.079,948.4,1032.6
88.856,91.319,948.4,1032.6
97.123,100.08,948.4,1029.9
104.84,121.28,948.4,1029.9
104.84,121.28,948.4,1029.9
93.426,121.28,948.4,983.82
93.426,113.84,945.66,983.82
85.633,91.653,945.66,971.51
87.843,99.589,945.66,1024.4
97.986,105.98,945.66,1024.4
102.24,123.43,945.66,984.96
99.69,98.671,974.78,1033.6
100.72,100.33,974.78,980.23
110.81,100.33,974.78,980.23
110.81,100.33,998.23,980.23
110.81,112.94,998.23,980.23
118.19,124.52,998.23,975.27
117.61,123.91,955.82,979.17
103.47,123.91,955.82,979.17
93.485,101.22,955.82,979.17
104.97,117.81,955.82,979.17
104.97,115.9,955.82,979.17
113.07,115.9,956.55,979.17
113.07,115.9,964.93,979.17
117.33,115.9,964.93,950.79
102.35,102.4,964.93,950.79
108.54,102.4,964.93,950.79
109.4,102.4,964.93,950.79
89.878,102.4,964.93,1010.8
89.878,102.4,964.93,1010.8
89.878,102.4,919.89,1010.8
89.878,102.4,902.32,1010.8
92.47,113.43,979.22,1010.8
92.48,113.43,979.22,1010.8
110.75,113.43,979.22,1010.8
110.75,104.86,979.22,1010.8
110.75,92.304,983.69,1010.8
107.58,92.304,921.16,1010.8
96.281,92.304,921.16,982.55
99.548,92.304,928.06,1051.9
99.548,94.453,928.06,1041.8
99.548,94.453,928.06,1006.6
88.081,88.358,928.06,1006.6
88.081,119.42,884.43,1022.6
79.032,119.42,884.43,1036.8
79.032,114.82,875.98,1036.8
79.032,114.82,875.98,1014.2
86.621,114.82,875.98,1015.5
86.621,114.82,875.98,1015.5
85.732,116.35,963.73,1015.5
85.732,98.818,922.52,997.84
85.732,109.26,922.52,1003.1
85.732,112.3,922.52,1003.1
80.856,112.3,922.52,1003.1
100.86,112.3,915.47,1003.1
100.86,112.3,915.47,1014
100.86,116.52,915.47,1014
102.05,116.52,957.96,1031.3
117.86,110.47,954.31,1054.2
103.89,115.88,954.31,1054.2
117.35,109.38,927.66,1031.4
103.95,109.38,927.66,1031.4
103.61,122.29,927.66,1045.1
98.847,122.29,927.66,939.61
98.847,113.47,927.66,939.61
94.121,113.47,927.66,939.61
94.121,109.89,927.66,939.61
94.121,109.89,928.8,977.49
107.92,124.49,970.36,977.49
107.92,124.49,970.36,977.49
107.92,120.8,970.36,977.49
107.92,120.8,951.29,984.62
107.92,120.8,936.73,984.62
107.92,120.8,941.28,984.62
113.21,120.8,941.28,1034
112.29,120.8,941.28,1034
104.99,108.34,941.28,1034
104.99,108.34,969.79,1034
102.77,108.34,969.79,1034
102.77,108.34,969.97,969.71
98.687,97.34,969.97,969.71
98.687,97.34,933.62,969.71
98.687,99.539,933.62,969.71
111.06,107.05,988.29,1004.2
107.45,112.1,988.29,1038
107.45,102.89,886.82,1038
107.45,117.7,886.82,978.73
107.45,112.88,940.13,1035.9
107.45,105.06,940.13,1035.9
108.26,105.06,941.63,1035.9
108.26,105.06,941.63,1035.9
100.05,125.1,941.63,1035.9
100.05,106.25,968.96,1035.9
100.05,127.92,968.96,1035.9
94.09,111.43,968.96,1035.9
103.7,103.85,968.96,982.4
96.709,104.1,968.96,982.4
95.25,107.29,972.52,982.4
116.75,121.34,972.52,982.4
116.75,121.34,939.46,990.15
116.75,121.34,939.46,990.15
116.75,105.7,939.46,1001.8
116.75,126.43,939.46,998.95
116.29,126.43,888.63,1025.3
108.69,126.43,900.83,1053.7
108.69,114.14,900.83,1053.7
103.56,112.01,900.83,1053.7
67.236,102.99,917.42,1054.9
67.236,103.08,917.42,1054.9
93.685,103.08,917.42,1054.9
95.441,111.46,992.4,1054.9
103.4,95.743,945.64,1026.4
98.272,102.38,948.86,994.05
98.272,102.38,948.86,1000.3
89.819,111.22,948.86,1000.3
89.9,111.22,948.86,1000.3
107.64,111.22,948.86,998.98
92.165,103.88,948.86,1021.2
108.25,103.88,978.03,1048.8
108.25,119.72,923,1020.3
108.25,119.72,923,1020.3
101.22,119.72,967.56,1020.3
101.22,127.37,967.56,1020.3
101.22,127.37,941.74,985
101.22,128.46,941.74,993.4
98.219,128.46,941.74,993.4
98.219,106.4,941.74,1005
88.775,93.942,941.74,1005
88.775,82.118,941.74,1005
97.748,82.118,941.74,1005
97.748,82.118,941.74,1061.3
97.748,93.771,930.31,1061.3
97.748,97.376,921.75,1061.3
103.89,103.03,921.75,1061.3
107.69,113.85,1009.5,1020.4
91.787,113.85,981.42,1020.4
91.787,113.85,931.1,1020.4
82.91,113.85,937.85,1000.1
82.91,113.85,937.85,1000.1
77.609,117.03,937.85,1000.1
77.609,83.682,898.91,951.9
77.609,86.527,955.35,1041.3
85.864,102.32,955.35,1041.3
88.933,102.32,921.32,1041.3
88.933,116.03,921.32,1041.3
88.933,109.99,921.32,1041.3
88.933,109.99,921.32,1041.3
100.53,109.99,921.32,1018.1
110.56,109.99,951.28,1018.1
103.96,109.99,951.28,1018.1
103.96,117.61,951.28,1018.1
93.121,125.16,951.28,1018.1
94.113,125.16,951.28,1018.1
99.767,125.16,951.28,1018.1
106.16,125.16,945.95,1018.1
104.94,118.01,945.95,1035.3
110.2,118.01,945.95,1035.3
110.2,118.01,945.95,992.65
110.2,118.01,945.95,992.65
110.2,118.01,969.38,992.65
90.723,118.01,969.38,992.65
90.723,103.21,969.38,992.65
90.723,103.21,960.65,992.65
90.723,105.85,960.65,992.65
90.723,128.48,979.26,992.65
94.091,100.59,956.98,1012.2
106.11,102.25,956.98,1012.2
106.11,102.25,956.98,994.02
120.86,104.26,960.7,966.13
120.86,104.26,960.7,966.13
120.86,103.32,960.7,975.75
82.929,103.32,960.7,1024.9
82.929,103.32,960.7,1034.8
91.789,103.32,974,1034.8
91.768,103.32,1001.8,1034.8
91.768,103.32,974.83,1034.8
91.768,113.87,974.83,1034.8
105.8,114.4,974.83,1034.8
107.59,113.87,974.83,986.96
105.51,116.05,956.49,986.96
105.51,116.68,956.49,991.66
105.51,116.68,956.49,973.94
105.51,115.17,956.49,973.94
105.51,115.17,956.49,973.94
126.9,113.33,956.49,973.94
113.39,118.82,956.49,973.94
113.39,125.32,956.49,989.15
114.56,104.48,956.49,989.15
110.19,106.83,956.49,989.15
110.19,121.52,1008.7,989.15
108.89,121.36,1008.7,989.15
108.89,121.36,1008.7,989.15
103.39,121.36,1007.2,989.15
103.39,121.36,1007.2,989.15
109.91,121.36,989.92,1018.8
97.187,121.59,989.92,1019.7
97.187,121.59,989.92,1019.7
97.187,121.59,989.92,1059.5
97.187,121.59,989.92,1059.5
97.187,102.94,934.42,985.76
100.09,102.94,934.42,985.76
100.09,104.22,934.42,1012.2
84.376,104.22,934.42,1012.2
106.17,117.38,931.48,1012.2
91.432,101.22,931.48,984.23
103.46,101.22,1008.8,984.23
105.14,101.22,1008.8,984.23
111.27,102.64,1008.8,1004.6
111.16,119.71,1008.8,1004.6
109.87,116.22,1008.8,996
116.74,116.22,986.86,996
116.74,132.3,986.86,996
120.4,103.22,986.86,996
115.33,104.92,986.86,1064.2
115.33,106.15,1016.3,1005.1
107.33,106.15,1016.3,1005.1
107.33,129.18,993.18,1005.1
101.41,117.51,928.13,1005.1
98.099,117.51,928.13,1005.1
98.099,107.34,928.13,1005.1
95.492,107.34,928.13,1005.1
115.95,110.06,928.13,1005.1
103.88,96.246,928.13,983.17
103.88,107.27,992.8,1029.9
98.451,107.27,977.91,1031.7
90.653,102.62,977.91,1031.7
90.653,102.62,915.75,1031.7
88.123,102.62,915.75,1031.7
88.123,102.62,929.96,1031.7
88.123,102.24,929.96,1031.7
88.123,102.24,918.24,1055.4
90.262,102.24,918.24,964.13
90.262,90.524,918.24,964.13
93.223,90.524,918.24,1033.4
105.49,115.55,918.24,1033.4
105.49,115.55,918.24,1033.4
105.49,120.67,949.67,996.22
109.71,120.67,949.67,996.22
104.16,120.67,949.67,995.85
100.52,104.82,949.67,995.85
100.52,104.82,989.82,995.85
104.73,104.82,989.82,995.85
104.73,121.18,989.82,1007.6
114.94,104.5,989.82,1007.6
109.31,104.5,989.82,1007.6
103.75,117.43,989.82,1007.6
103.01,116.61,989.82,1007.6
96.655,102.96,989.82,1007.6
95.227,102.96,989.82,1007.6
95.227,116.58,957.61,994.23
108.32,116.58,957.61,1006.4
108.64,116.58,957.61,1006.4
108.64,116.58,993.69,1006.4
108.64,116.58,993.69,1006.4
108.64,116.58,993.69,1006.4
107.03,116.58,991.01,1006.4
124.5,128.28,991.01,1006.4
123.99,128.28,991.01,990.77
105.19,119.3,991.01,990.77
108.7,112.58,928.04,990.77
108.7,112.58,928.04,990.77
103.2,106.99,928.04,990.77
103.2,106.99,928.04,990.77
103.2,106.99,928.04,990.77
103.2,106.99,946.96,1013.4
103.2,102.66,946.96,1013.4
94.927,105.73,946.96,1013.4
94.927,105.73,946.96,1013.4
94.927,105.73,946.96,1013.4
94.927,100.14,946.96,1013.4
94.927,100.14,946.96,1013.4
94.927,103.02,946.96,1013.4
95.448,103.02,946.96,1013.4
91.095,103.02,946.96,1035.5
106.92,99.127,946.96,1035.5
100.79,124.18,967.22,1035.5
100.79,123.98,967.22,999.34
113.45,123.98,967.22,999.34
113.45,123.98,951.09,974.01
111,123.78,959.11,1019.5
106.63,123.78,959.11,1008.8
110.49,123.78,939.02,1008.8
110.49,117.74,939.02,1008.8
106.83,117.74,980.58,1023.1
106.83,110.86,980.58,1023.1
106.83,108.2,980.58,1023.1
96.712,106.56,974.67,1023.1
96.712,106.56,990.93,1023.1
90.607,106.56,905.02,1023.1
90.607,106.56,905.02,1023.1
90.607,106.56,905.02,1023.1
90.607,106.56,905.02,1023.1
97.312,106.56,961.15,1023.1
104.43,112.31,961.15,985.6
100.55,112.31,961.15,1046.6
104.49,112.31,961.15,1005
103.5,112.31,961.15,1018.7
103.5,108.65,961.15,1018.7
103.5,108.65,961.15,1018.7
100.76,115.15,961.15,1018.7
90.62,98.767,890.11,1018.7
90.62,94.007,890.11,1018.7
90.62,99.441,890.11,1018.7
90.417,99.441,890.11,1018.7
90.417,99.441,949.76,1005.2
90.13,99.441,949.76,1005.2
90.13,99.441,949.76,1005.2
90.13,105.28,949.76,1005.2
90.13,109.2,949.76,1005.2
92.402,102.48,949.76,1005.2
92.402,105.71,936.4,1005.2
105.3,105.71,936.4,1005.2
105.3,105.71,936.4,1005.2
105.3,105.71,936.4,1005.2
107.39,111.36,936.4,1005.2
107.39,106.4,936.4,1005.2
107.39,106.4,936.4,1005.2
107.39,106.4,936.4,1005.2
107.39,122.63,936.4,1005.2
105.63,122.63,1006.6,1005.2
112.49,106.35,1009.1,1005.2
102.39,106.35,1009.1,1005.2
102.39,103.01,989.08,1005.2
102.1,98.843,989.08,1005.2
105.56,98.843,1006.8,1005.2
105.56,111.42,1003,1005.2
105.56,111.42,985.03,1005.2
89.215,127.16,983.81,972.09
95.136,118.79,983.81,972.09
95.136,118.79,983.81,972.09
104.83,118.79,983.81,981.17
104.83,118.79,983.81,981.17
104.83,106.96,983.81,981.17
104.83,114.71,983.81,981.17
104.83,114.71,983.81,981.17
104.83,115.89,983.81,981.17
104.83,128.58,936.18,981.17
104.83,128.58,936.18,981.17
104.83,116.45,929.39,981.17
104.83,116.45,929.39,981.17
103.97,116.45,929.39,1013.2
111.27,107.18,929.39,1013.2
111.27,107.18,919.18,1013.2
87.512,107.18,924.47,1013.2
87.512,103.16,924.23,1013.2
80.026,103.16,924.23,1013.2
90.304,111.55,924.23,1007.8
87.046,100.95,924.23,1007.8
99.269,107.18,924.23,1007.8
99.269,97.436,924.23,1007.8
99.269,97.436,961.57,1007.8
105.8,98.235,961.57,1007.8
105.8,98.235,961.57,1007.8
105.8,95.623,961.57,1007.8
100.33,95.623,961.57,1007.8
100.33,95.623,929.61,1007.8
92.665,121.61,953.76,1031.2
92.665,97.725,894.15,1031.2
92.665,99.526,928.43,1031.2
92.665,99.526,928.43,1031.2
92.665,99.526,928.43,1031.2
100.37,99.526,933.55,1031.2
100.37,104.94,933.55,1059.1
88.967,104.94,933.55,1035.7
88.967,110.06,933.55,1035.7
88.967,109.32,933.55,1035.7
88.967,109.32,932.62,1058.5
98.814,109.32,932.62,1058.5
98.814,109.32,932.62,954.13
98.814,113.5,932.62,983.23
95.548,113.5,932.62,1005
99.908,113.5,972.71,1005
91.262,120.74,972.71,1005
93.035,120.74,972.71,1005
93.035,119.02,972.71,1005
111.35,119.02,965.75,1005
111.34,119.02,965.75,1005
111.34,119.02,965.75,987.93
111.34,108.57,965.75,990.75
111.34,108.57,965.75,990.75
111.34,116.18,941.29,1002.3
105.47,116.18,941.29,1002.3
105.47,116.18,941.29,1002.3
83.698,108.92,954.98,1002.3
83.698,108.92,954.98,1002.3
114.59,108.92,966.74,1002.3
114.59,114.72,951.3,1002.3
105.6,111.68,951.3,1002.3
108.37,116.96,960.4,1002.3
108.37,106,960.4,1002.3
116.8,113.15,960.4,1002.3
116.8,112.79,960.4,1002.3
99.919,107.23,908.47,1002.3
99.919,119.28,908.47,1002.3
99.919,119.28,981.46,1002.3
99.919,119.28,981.46,1065.8
99.919,110.46,981.46,1065.8
99.919,110.46,981.46,1009.3
116.15,110.46,985.06,1009.3
116.15,110.46,928.55,1022
118.08,110.46,978.78,1022
98.943,110.46,913.26,1022
98.943,117.18,913.26,1022
98.943,117.18,958.57,1022
98.943,108.89,958.57,1022
98.943,110.99,958.57,1022
115.2,119.12,958.57,1022.8
109.26,119.12,958.57,1003
100.24,109.39,958.57,1003
93.11,109.39,958.57,1003
96.167,112.29,958.57,1003
81.32,112.29,958.57,1003
84.006,103.21,958.57,993.2
92.593,103.21,958.57,993.2
92.593,103.21,958.57,993.2
91.853,108.62,958.57,993.2
91.853,100.08,958.57,1003.9
91.853,100.08,906.78,1003.9
91.853,93.615,970.64,1003.9
99.247,105.64,970.64,1003.9
85.268,101.95,970.64,1003.9
85.268,101.95,927.39,1003.9
85.268,101.95,927.39,989.78
89.007,101.95,927.39,1017.9
99.201,115.32,927.39,986.14
101.72,128.39,926.5,1009.9
99.133,128.39,926.5,1009.9
99.133,112.63,926.5,1009.9
99.09,112.63,926.5,1038.8
97.936,108.08,926.5,1038.8
97.936,108.08,926.5,1038.8
97.936,118.06,926.5,1038.8
98.391,107.22,933.41,1038.8
98.391,94.864,933.41,1038.8
98.391,121.74,972.21,1038.8
94.965,113.81,972.21,1038.8
94.965,104.95,961.42,1038.8
91.319,104.95,961.42,1038.8
93.45,120.48,961.42,1038.8
93.45,120.48,947.83,1001.1
110.78,112.06,947.83,1029.9
94.93,112.06,999.97,1019.4
115.49,109.43,959.89,1019.4
102.41,109.43,959.89,1019.4
100.32,104.8,959.89,1018.7
101.21,104.8,937.96,1030.9
100.11,104.8,937.96,1030.9
107.14,104.8,937.96,1030.9
107.14,104.8,937.96,1010.3
94.805,104.8,900.36,978.91
92.807,104.8,878.5,1002.1
83.448,104.8,878.5,1002.1
97.831,104.8,878.5,1002.1
89.083,104.8,878.5,1002.1
89.083,104.8,896.76,1028.3
83.453,97.139,896.76,1028.3
83.453,97.139,925.02,1028.3
78.52,97.139,959.44,1010.7
89.993,97.139,959.44,999.81
89.993,97.139,959.44,999.81
95.194,97.139,973.46,1018.1
95.194,114.68,965.67,1018.1
95.194,140.69,965.67,1018.1
93.323,114.58,965.67,1018.1
93.323,114.58,944.51,1000.2
93.323,104.66,944.51,1000.2
88.402,104.66,944.51,1063.2
97.24,104.66,944.51,1063.2
97.24,125.27,944.51,1060
97.24,125.27,944.51,1060
122.11,125.27,944.51,1060
114.25,125.27,944.51,1060.5
111.28,123.72,944.51,1060.5
111.28,123.72,927.74,1060.5
111.28,123.72,927.74,1060.5
109.26,123.72,957.57,1060.5
108.41,123.72,957.57,1065.8
91.076,123.72,957.57,1055
91.076,123.72,965.56,1055
91.076,102.44,965.56,1007
101.6,102.44,965.56,1007
101.6,104.48,965.56,1007
103.12,104.48,976.52,1007
89.891,104.48,914.45,1007
89.891,104.48,914.45,1007
89.891,104.48,914.45,1007
118.49,104.48,914.45,1012.8
98.118,104.48,931.29,1012.8
98.118,104.48,931.29,1012.8
98.118,110.46,940.69,1012.8
95.54,110.46,940.69,1012.8
110.77,123.09,1002.8,1012.8
134.37,123.09,947.47,1012.8
119.53,123.09,946.08,960.58
119.53,109.9,946.08,960.58
104.15,109.9,946.08,960.58
104.15,109.9,929.15,988.14
104.15,107.49,929.15,988.14
119.99,114.35,1017.6,1024.7
105.56,112.2,977.37,1024.7
105.56,105.28,977.37,1024.7
105.56,105.28,968.13,1024.7
96.456,101.96,923.49,1024.7
96.456,115.74,923.49,1024.7
96.456,116.57,905.93,1024.7
105.65,116.57,905.93,1024.7
112.57,116.57,905.93,1024.7
112.57,122.42,896.63,1042.2
112.57,121.1,896.63,1042.2
109.31,102.48,896.63,1042.2
106.81,103.79,895.53,1016.8
84.603,103.79,895.53,1025.3
84.603,98.287,895.53,1005.2
89.53,100.46,895.53,1005.2
87.912,100.46,918.59,1005.2
93.292,100.46,918.59,1005.2
90.599,100.46,918.59,1026.6
94.284,100.46,918.59,1026.6
92.086,100.46,918.59,1026.6
92.086,104.49,978.77,1026.6
95.214,104.49,978.77,1026.6
102.89,104.49,978.77,959.2
99.355,104.49,978.77,959.2
86.21,104.49,978.77,959.2
86.21,106.2,978.77,1002.1
81.277,106.2,978.77,993.71
81.277,106.2,978.77,981.93
81.277,116.02,978.77,981.93
108.01,114.42,941.44,981.93
111.94,105.89,941.44,981.93
111.94,105.89,941.44,981.93
99.376,105.89,941.44,981.93
99.376,105.89,941.44,981.93
99.376,104.44,941.44,981.93
99.376,102.63,941.44,981.93
95.49,102.63,941.44,1035.8
95.49,102.63,924.71,1031
100.96,102.63,962.73,1031
100.19,107.83,962.73,993.07
100.44,114.45,938.1,993.07
100.44,114.45,938.1,993.07
100.44,114.45,938.1,1053.2
100.98,114.45,938.1,1053.2
100.98,91.696,937.68,1053.2
100.98,114.58,937.68,1053.2
94.734,114.58,937.68,1053.2
94.734,114.58,952.88,1058.1
109.87,109.28,952.88,955.41
109.87,109.28,952.88,955.41
103.26,117.12,952.88,987.65
103.26,117.12,952.88,987.65
103.26,114.87,991.27,1027.5
103.26,118.39,960.59,1027.5
97.582,118.39,984.1,1027.5
114,118.39,984.1,993.94
101.62,119.91,984.1,993.94
100.35,119.91,984.1,993.94
100.35,119.91,984.1,993.94
100.35,111.15,984.1,993.94
100.35,111.15,967.58,993.94
111.24,115.96,1001.4,996.52
111.24,115.96,955.78,984.21
111.24,115.96,940.14,984.21
111.24,117.2,940.14,984.21
99.109,117.29,940.14,984.21
106.53,117.29,920.48,984.21
90.422,117.29,920.48,984.21
91.395,117.29,920.48,984.21
81.247,117.29,954.9,984.21
99.022,117.29,954.9,1018.3
100.97,117.29,917.61,1018.3
100.97,117.29,917.61,1018.3
101.34,115.84,934.1,1018.3
101.34,103.7,934.1,1018.3
97.051,103.7,959.37,1018.3
97.051,103.7,959.37,1018.3
97.051,107.94,959.37,1018.3
97.051,107.94,959.37,1018.3
88.716,109.22,959.37,1018.3
88.716,112.18,959.37,1018.3
94.863,118.62,959.37,1018.3
102.58,110.46,959.37,1018.3
102.58,103.08,959.37,1018.3
112.64,91.426,944.69,1018.3
91.384,104.93,914.15,1041.7
91.683,94.77,914.15,1041.7
91.683,94.77,914.15,1041.7
91.683,94.77,914.15,1014.9
86.436,94.77,914.15,990.97
94.42,94.297,914.15,990.97
94.42,96.587,945.21,1037.7
94.42,97.548,945.21,1037.7
93.746,106.03,945.21,1037.7
108.28,100.75,945.21,951.21
97.701,104.67,945.21,951.21
97.701,104.67,945.21,962.59
83.34,104.67,945.21,962.59
83.34,106.43,945.21,1000.6
88.256,99.365,945.21,1013.8
107.98,99.365,945.21,1027.5
107.98,99.365,945.21,1027.5
107.08,99.365,945.21,1027.5
107.08,99.365,945.21,974.33
103.96,99.365,978.71,974.33
104.93,114.16,891.37,963.96
104.93,108.08,891.37,963.96
104.93,102.96,891.37,963.96
104.93,102.96,904.4,989.87
89.396,102.96,904.4,985.76
89.396,102.96,904.4,1020.5
89.396,102.96,904.4,1020.5
89.396,102.96,939.99,1020.5
93.438,112.03,939.99,1020.5
93.438,109.23,939.99,1016.6
92.702,95.561,895.32,1016.6
92.702,95.561,895.32,1016.6
92.702,92.484,895.32,1016.6
92.702,92.484,895.32,1016.6
92.702,92.484,895.32,1016.6
92.702,127.08,895.32,1016.6
92.702,98.175,895.32,1016.6
90.205,98.175,895.32,1016.6
90.205,98.175,886.8,1016.6
90.205,98.175,886.8,1016.6
106.68,98.175,886.8,995.94
106.68,95.109,886.8,995.94
106.68,127.26,886.8,995.94
115.62,118.71,873.07,995.94
115.62,114.28,873.07,995.94
115.62,114.28,873.07,995.94
115.62,129.78,871.01,995.94
113.07,129.78,930.82,1041.4
113.07,129.78,930.82,1047.4
133.87,129.78,930.82,1047.4
133.87,127.62,930.82,1047.4
118.31,127.62,1005.2,1047.4
114.87,132.24,1005.2,1038.9
114.87,130.01,1005.2,1013
114.87,114.83,983.71,1013
114.87,114.83,933.7,1013
114.87,114.83,933.7,1013
103.15,114.83,933.7,1013
103.15,103.95,933.7,975.95
95.844,102.83,971.85,975.95
95.844,98.375,971.85,975.95
107.98,128.16,966.99,975.95
107.98,128.16,966.99,961.93
107.98,118.94,966.99,1043
111.55,118.94,966.99,1043
111.55,110.22,935.11,942.93
100.93,110.22,902.49,942.93
99.104,103.1,902.49,942.93
114.76,118.43,998.82,962.55
122.46,118.43,998.82,962.55
123.37,118.43,998.82,962.55
117.4,115.34,939.49,962.55
104.58,99.228,928.96,962.55
88.544,114.53,928.96,1011.5
88.544,114.53,914.12,1011.5
98.858,103.14,970.65,1013.5
98.858,102.42,970.65,1013.5
98.858,103.77,970.65,1028.8
98.858,103.77,970.65,1028.8
98.858,103.77,970.65,1005.6
91.447,105.33,925.83,1055.4
91.447,105.33,956.81,1055.4
104.9,105.33,956.81,1055.4
104.9,102.17,956.81,1055.4
91.555,102.17,956.81,1018.8
97.129,102.17,956.81,1018.8
97.664,102.17,1003.2,1018.8
97.664,102.17,947,1018.8
95.771,102.17,947,1018.8
96.111,102.17,947,1018.8
82.947,102.17,947,1018.8
95.965,100.55,947,1018.8
102.46,100.55,947,1018.8
102.46,100.91,947,1018.8
109.1,100.91,947,1018.8
109.1,100.91,947,1018.8
109.1,104.02,952.33,1018.8
109.1,101.53,969.96,1018.8
109.1,108.7,969.96,1018.8
101.4,108.7,932.61,1018.8
101.4,108.7,932.61,1018.8
101.4,136.57,932.61,1018.8
94.297,107.06,932.61,1018.8
111.33,111.78,948.89,1018.8
103.55,107.27,948.89,1018.8
97.076,94.039,948.89,956.62
97.076,80.353,957.69,997.64
97.076,80.353,957.69,997.64
93.732,80.353,957.69,997.64
93.732,80.353,957.69,997.64
93.732,80.996,946.21,1023.6
86.043,80.996,939.72,1023.6
86.043,80.996,939.72,1023.6
89.691,106.68,939.72,1023.6
101.25,106.68,939.72,1023.6
104.66,106.68,939.72,1023.6
104.66,112,939.72,1023.6
104.66,112,939.72,1023.6
98.066,112,939.72,1023.6
98.066,112,939.72,1023.6
98.066,107.05,939.72,1023.6
98.066,107.05,939.72,1023.6
108.58,107.05,939.72,1023.6
108.58,107.05,939.72,1023.6
108.58,107.05,939.72,1023.6
110.8,107.21,939.72,1023.6
110.8,121.46,939.72,1023.6
111.96,117.76,939.72,1023.6
124.51,117.5,939.72,1023.6
124.51,117.5,939.72,1023.6
124.51,130.2,939.72,988.2
124.51,124.61,942.47,988.2
112.34,114.37,942.47,988.2
112.34,114.37,942.47,988.2
93.254,114.37,925.4,988.2
93.787,114.37,992.12,988.2
111.28,114.37,943.15,988.2
106.97,114.37,943.15,988.2
113.54,114.37,938.92,988.2
121.88,132.56,938.92,1060.9
121.88,132.56,938.92,984.05
117.41,132.56,938.92,984.05
123.88,132.56,905.38,984.05
123.88,132.29,905.38,1030.4
102.28,107.92,926.47,1021.7
102.28,116.87,926.47,1021.7
102.28,105.75,1007.1,1021.7
96.891,105.75,903.43,982.05
96.891,105.76,915.25,982.05
96.891,105.76,915.25,982.05
87.815,109.89,958.51,982.05
104.12,109.89,958.51,1060.5
95.02,109.89,991.71,1060.5
95.02,124.11,991.71,1060.5
93.528,124.11,991.71,1060.5
93.528,124.11,991.71,1060.5
93.528,124.11,991.71,1060.5
97.357,124.11,939.06,1051.6
115.88,124.11,939.06,1051.6
120.34,124.11,989.74,1051.6
124.39,129.92,989.74,1028.2
117.23,129.92,983.32,1028.2
109.3,114.94,965.14,1028.2
109.3,104.68,965.14,1028.2
109.3,96.817,965.14,1028.2
102.63,96.817,965.14,1028.2
92.235,96.817,965.14,1028.2
92.235,107.1,965.14,1008.6
101.43,107.1,975.06,1008.6
101.43,107.1,975.06,1008.6
101.43,102.19,975.06,1008.6
95.594,89.535,975.06,1008.6
86.607,89.535,975.06,999.25
80.177,89.535,1006.4,1005.7
89.198,83.859,1006.4,1005.7
90.911,118.44,971.86,1005.7
90.911,118.44,962.97,1005.7
92.328,119.57,962.97,1005.7
92.328,119.57,962.97,1005.7
92.328,104.38,962.97,997.6
110.47,93.98,962.97,997.6
100.3,93.98,932.05,997.6
83.485,110.3,932.05,997.6
88.656,110.3,932.05,997.6
97.715,110.3,932.05,997.6
88.343,110.3,932.05,997.6
88.343,97.772,960.98,1002.2
88.343,97.772,960.98,1002.2
88.343,103.75,911.61,977.6
88.343,91.117,911.61,977.6
88.343,97.169,916.96,993.27
88.343,112.88,916.96,993.27
103.07,103.04,916.96,993.27
103.6,119.64,916.96,993.27
95.844,119.64,916.96,993.27
118.94,119.64,1003.4,993.27
125.59,119.64,967.63,993.27
130.9,119.64,962.89,993.27
130.9,108.97,962.89,993.27
130.9,108.97,962.89,993.27
131.35,125.61,957.83,1061.2
131.35,125.61,957.83,966.35
131.35,120.14,957.83,964.41
131.35,98.154,883.4,964.41
90.02,98.154,909.24,964.41
90.02,98.154,909.24,985.33
95.143,88.053,909.24,991.02
93.755,88.053,909.24,991.02
93.755,88.053,935.29,991.02
93.755,88.053,974.79,991.02
94.731,88.053,978.36,991.02
90.703,95.194,978.36,991.02
90.703,103.41,978.36,991.02
90.703,103.41,954.87,1014.4
90.703,103.41,954.87,1017
108.26,103.41,954.87,1017
91.809,103.41,918.72,1017
91.809,103.41,918.72,1017
89.543,103.41,928.58,1017
90.339,97.701,928.58,1017
90.339,110.56,928.58,1017
106.93,110.56,896.74,1017
87.424,110.56,901.04,1017
87.424,108.62,938.77,1018.5
87.424,105.71,938.77,1018.5
91.705,105.71,942.16,1015.4
91.705,105.71,938.84,1015.4
91.705,105.71,938.84,1015.4
90.117,105.71,938.84,1028.6
116.36,105.71,951.23,1028.6
91.839,112.2,951.23,1028.6
91.839,109.84,951.23,1030.8
82.123,95.072,924.69,1030.8
87.172,103,924.69,1030.8
100.83,103,924.69,1030.8
90.451,96.767,924.69,974.83
90.451,96.767,924.69,1013.9
88.189,96.767,924.69,1013.9
88.189,96.767,928.16,1013.9
102.72,128.31,928.16,1013.9
102.72,128.31,945.44,1013.9
102.72,128.31,945.44,1013.9
99.153,117.25,945.44,1039
99.153,117.25,946.09,1039
99.153,117.25,976.38,1039
98.184,105.88,956.08,1039
112.99,110.61,956.08,1039
110.27,110.61,935.99,991.94
110.27,110.61,1001,991.94
106.85,110.61,1001,1025.8
106.85,106.36,927.5,993.83
87.564,106.36,927.5,982.2
87.564,105.92,927.5,982.2
87.564,105.92,918.42,982.2
98.876,105.92,905.58,982.2
108.87,110.99,905.58,982.2
84.982,115.38,932.74,982.2
97.08,117.01,957.12,974.14
97.08,110.97,957.12,974.14
102.25,96.895,957.12,974.14
87.619,96.895,957.12,975.94
87.619,96.895,957.12,975.94
87.619,87.207,958.34,975.94
87.619,88.965,945.19,982.94
93.678,88.965,945.19,998.08
93.678,112.23,945.19,997.3
93.678,84.361,945.19,997.3
93.678,84.361,906.44,997.3
85.737,94.994,906.44,997.3
101.61,94.994,906.44,997.3
124.88,99.425,1025.1,997.3
116.16,112.82,995.86,997.3
116.16,112.82,995.86,997.3
128.88,112.82,940.86,978.26
127.16,112.82,991.14,978.26
127.16,112.48,941.19,984.23
127.16,112.48,941.19,982.9
127.16,131.4,941.19,982.9
127.16,131.4,984.84,982.9
124.39,131.4,984.84,982.9
124.39,131.4,984.84,982.9
124.39,138.8,984.84,1065.2
112.46,138.8,997.02,1016.2
127.8,138.8,997.02,1016.2
133.38,144.95,922.47,1016.2
131.34,133.29,922.13,1016.2
131.34,154.58,944.24,1016.2
108.35,133.69,944.24,1016.2
96.51,133.69,944.24,1016.2
96.51,128.1,931.56,1016.2
96.51,128.1,933.77,1016.2
111.61,128.1,933.77,1016.2
111.61,128.1,933.77,1016.2
114.2,122.72,933.77,1016.2
105.18,122.72,915.02,950.36
102.76,122.72,914.93,950.36
101.76,112.08,958.66,950.36
101.76,101.26,966.65,1053.3
101.76,103.94,990.73,1053.3
90.367,103.94,990.73,1053.3
78.628,110.86,990.73,991.7
78.628,107.39,990.73,969.54
78.628,107.39,990.73,969.54
78.628,97.242,990.73,969.54
107.87,122.37,970.31,1002.5
107.87,116.71,1008.1,1002.5
107.87,114.66,913.33,1002.5
107.87,114.66,961.94,1033.3
101.2,114.66,960.81,1033.3
100.28,114.66,960.81,1014.1
107.96,128.77,960.81,1014.1
132.93,132.98,975.98,1014.1
110.79,133.15,975.98,1014.1
100.02,103.68,975.98,1014.1
105.32,125.11,975.98,1014.1
103.91,101.99,976.97,1014.1
109.31,101.99,1022.8,1014.1
109.31,101.99,1022.8,1014.1
120.5,101.99,1022.8,1000.5
114.09,131.76,947.89,1000.5
114.09,113.13,947.89,972.88
83.935,113.13,947.89,1030.1
83.935,113.13,947.89,1030.1
98.551,113.13,899.72,1030.1
98.551,114.73,907.14,1030.1
87.965,102.27,907.14,1030.1
87.965,109.8,907.14,991.76
90.881,109.8,907.14,991.76
89.001,109.8,930.63,991.76
106.3,109.8,938.73,991.76
112.08,123.24,938.73,991.76
112.08,123.24,938.73,991.76
115.85,116.49,938.73,991.76
115.37,116.49,938.73,991.76
108.34,116.49,938.73,997.01
102.23,119.11,938.73,997.01
102.23,119.11,938.73,997.01
102.23,102.77,938.73,997.01
94.988,104.4,938.73,997.01
94.988,104.4,938.73,997.01
94.988,104.4,938.72,997.01
98.828,104.4,964.92,997.01
98.828,97.011,936.1,997.01
98.828,96.024,955.92,997.01
101.68,96.024,955.92,1039.1
86.25,116.03,955.92,1047.1
87.326,116.03,933.99,1047.1
87.326,116.03,933.99,1021.4
87.326,116.03,933.99,1059.2
95.159,100.52,933.99,1059.2
95.159,108.69,933.99,1059.2
95.159,113.22,933.99,1059.2
90.628,113.22,933.99,1059.2
88.562,113.22,933.99,1059.2
88.562,115.18,933.99,979.74
86.881,115.18,933.99,979.74
86.881,103.78,951.69,979.74
94.5,110.74,951.69,1049.6
95.751,110.74,951.69,1049.6
95.751,94.185,950.45,1049.6
80.914,94.185,950.45,1009.4
90.181,94.185,950.45,1009.4
103.17,94.185,950.45,1009.4
103.17,116.26,950.45,962.31
96.308,101.22,950.45,1052.6
96.308,109.96,950.45,1052.6
96.308,109.04,950.45,1022.1
98.421,109.04,950.45,1022.1
98.421,109.04,950.45,1022.1
108.78,109.04,950.45,1033.6
121.16,110.28,950.45,1033.6
117.66,110.28,950.45,1033.6
117.66,110.28,950.45,1045.2
117.66,109.63,950.45,1045.2
117.6,128.03,950.45,998.46
117.6,126,950.45,998.46
117.6,126.41,948.39,998.46
117.6,126.41,948.39,998.46
100.86,126.41,948.39,998.46
115.44,109.33,948.39,998.46
115.44,109.33,948.39,1033.7
119.12,109.33,993.11,1033.7
99.821,109.33,993.11,1033.7
99.821,109.33,993.11,1048.6
105.8,109.33,993.11,992.43
105.35,118.44,943.64,997.29
110.84,118.44,922.45,997.29
102.22,120.27,928.22,995.81
102.22,120.27,936.68,979.84
115.9,102.23,936.68,984.28
90.997,115.41,936.68,984.28
90.997,118.51,936.68,984.28
90.997,105.04,936.68,999.83
92.997,105.04,936.68,999.83
92.997,109.96,936.68,999.83
92.997,109.96,936.68,999.83
99.83,100.99,959.22,974.54
89.736,99.474,959.22,974.54
97.88,117.86,959.22,1070.3
97.88,117.86,948.68,1070.3
99.887,117.86,948.68,1006.7
99.887,104.45,948.68,1006.7
114.62,104.45,948.68,1006.7
101.98,114.33,948.68,1006.7
101.98,114.33,941.99,1006.7
101.98,114.33,941.99,1006.7
98.807,114.33,944.43,1006.7
98.807,88.265,944.43,1006.7
91.309,107.79,944.43,1006.7
91.309,107.79,971.48,1006.7
91.309,107.79,973.05,1006.7
80.976,107.79,973.05,985.82
83.199,107.79,892.3,985.82
91.794,113.15,987.56,985.82
91.794,113.15,977.63,985.82
91.794,113.15,954.01,971.84
93.168,113.15,954.01,981.6
103.73,113.15,954.01,981.6
114.82,106.07,953.33,981.6
94.042,109.19,953.33,981.6
94.042,109.19,958.8,1008.3
94.042,111.06,958.8,1008.3
91.054,111.06,958.8,1008.3
91.054,89.546,958.8,1008.3
91.054,99.814,954.14,1008.3
91.054,99.814,954.14,1008.3
86.299,99.814,907.13,1008.3
86.299,91.77,907.13,1029.2
86.299,91.77,907.13,1029.2
86.299,91.77,907.13,1029.2
79.585,97.833,907.13,1029.2
79.585,97.94,898.39,1029.2
79.585,97.94,876.43,1029.2
79.585,97.94,944.26,992.28
79.585,97.94,921.12,992.28
84.212,97.94,921.12,992.28
88.051,94.534,921.12,1003.3
88.051,93.948,939.28,1003.3
88.586,93.948,939.28,1003.3
108.22,93.948,926.9,1003.3
108.22,93.948,982,1003.3
108.22,93.948,982,1003.3
103.62,97.592,982,1003.3
103.62,94.386,982,1003.3
103.62,101.04,968.99,1003.3
94.468,101.04,968.99,974.95
106.54,101.3,968.99,974.95
97.025,101.3,968.99,974.95
101.29,105.71,968.99,974.95
101.29,119.34,968.99,974.95
117.82,119.34,968.99,977.79
117.82,123.01,968.99,977.79
110.6,107.12,968.99,977.79
106.98,107.12,968.99,1000.5
105.2,107.12,941.45,1000.5
121.97,107.12,941.45,1054.7
116.49,107.12,941.45,958.63
116.49,115.19,941.45,958.63
116.49,115.19,941.45,1029.9
116.49,115.19,941.45,985.7
116.49,115.19,941.45,985.7
97.486,115.19,941.45,995.01
101.8,115.19,976.83,995.01
101.8,130.12,935.84,1021.7
109.58,130.12,935.84,1017.3
101.31,130.12,986.23,1017.3
101.31,117.89,982.08,1024
101.31,117.89,982.08,1024
101.31,113.2,982.08,1049.7
101.31,113.2,968.93,1049.7
113.46,113.2,968.93,1049.7
103.16,113.2,968.93,1049.7
103.16,122.78,954.09,1049.7
103.16,122.07,954.09,1049.7
103.16,122.07,954.09,1001.6
103.16,97.509,954.09,1001.6
75.545,97.175,954.09,983.9
75.545,92.302,926.6,983.9
100.11,110.79,926.6,1012.4
96.821,109.51,916.83,1012.4
96.821,109.51,916.83,1012.4
82.747,111.33,916.83,1012.4
85.836,111.33,948.21,1012.4
86.613,111.33,948.21,1012.4
97.267,114.33,948.21,1012.4
111.8,114.33,951.33,1012.4
111.8,114.33,951.33,1012.4
96.463,114.33,951.33,1012.4
100.58,114.33,951.33,1012.4
100.58,114.33,951.33,978.33
100.58,114.33,951.33,994.78
110.56,110.16,951.33,994.78
110.56,110.16,951.33,991.31
123.95,119.06,951.33,991.31
93.608,115.51,951.33,991.31
117.16,115.51,951.33,991.31
108.53,115.51,912.61,1051
84.225,90.306,912.61,1045.2
90.394,100.86,902.77,970.26
90.394,100.86,902.77,970.26
81.456,101.84,964.43,1023.5
93.743,103.03,964.43,1023.5
93.743,93.912,937.52,1023.5
93.743,117.6,937.52,1001.1
108.54,123.77,970.04,1001.1
107.03,111.51,970.04,1001.1
115.96,111.51,947.75,1001.1
112.03,111.51,947.75,1016.1
112.03,113.76,947.75,1016.1
112.03,113.76,947.75,1016.1
99.7,113.76,950.64,1016.1
99.7,99.014,950.64,1016.1
99.7,111.15,950.64,1016.1
103.45,111.15,950.64,1016.1
103.45,112.1,941.69,1000.3
103.45,114.24,973.29,1000.3
103.45,110.45,973.29,1000.3
108.88,110.45,973.29,1000.3
108.88,111.14,999.26,1000.3
108.88,111.14,1016.3,1001.4
110.24,111.14,1016.3,1001.4
110.24,99.102,925.61,1001.4
110.24,98.402,996.25,990.02
110.24,98.402,958.74,990.02
110.24,103.65,958.74,990.02
110.24,123.8,974.19,990.02
128.55,123.8,974.19,1046.8
106.64,123.8,958.37,1009.8
101.74,128.89,958.37,1009.8
111.69,128.89,1018,1009.8
116.73,128.89,990.73,977.64
116.73,128.89,990.73,977.64
102.72,128.89,990.73,977.64
114.33,128.89,995.45,977.64
114.33,123.5,928.08,977.64
123.28,123.5,928.08,977.64
123.28,119.57,985.58,977.64
123.72,118.21,985.58,1037.2
123.72,118.21,998.7,1024.3
123.72,118.21,1000.6,1018.2
107.32,101.53,1000.6,1018.2
104.8,104.76,1000.6,1004.7
104.8,104.76,1000.6,1004.7
95.362,113.31,987.44,1004.7
95.362,95.025,1008.6,1004.7
95.362,95.025,1008.6,1004.7
98.101,108.14,893.28,1004.7
98.101,100.12,947.67,1004.7
98.101,100.12,962.86,1000.9
123.08,107,962.86,1000.9
100.63,107,942.17,1000.9
99.16,107,941.49,1000.9
99.16,112.96,978.32,1000.9
108.44,117.05,978.32,1000.9
108.44,116.73,861.26,1005.9
108.44,116.73,869.73,1005.9
93.279,127.24,870.08,1005.9
93.279,127.24,870.08,1005.9
97.569,96.811,903.33,1006.8
97.569,96.811,903.33,1006.8
97.569,106.56,903.33,1006.8
97.569,106.56,903.33,1006.8
97.569,106.56,944.31,1006.8
103.73,103.62,944.31,1006.8
103.73,108.04,944.31,1005.7
103.73,108.04,944.31,1005.7
96.784,111.31,944.31,978.56
93.11,99.946,923.6,978.56
93.11,105.78,923.6,993.35
121.8,118.7,923.6,993.35
125.11,118.7,935.68,993.35
125.11,118.7,935.68,993.35
125.11,118.7,922.87,993.35
125.11,132.22,929.36,993.35
109.66,132.22,929.36,993.35
130.38,135.23,929.36,993.35
119.23,135.23,955.38,993.35
119.23,135.23,957.82,994.01
119.23,135.23,948.5,1041.8
125.2,135.23,948.5,1041.8
132.85,135.23,953.34,1041.8
131.2,135.23,985.4,1041.8
131.2,114.67,985.4,1021.9
133.79,123.69,933.57,979.5
133.79,110.43,933.57,979.5
119.8,110.43,933.57,1027
119.8,110.43,933.57,1027
112.42,125.43,933.57,1027
114.86,125.43,958.82,984.47
114.86,125.43,958.82,984.47
105.91,132.52,958.82,1006.3
113.68,114.83,928.71,1022.5
110,114.83,928.71,1022.5
105.87,114.83,948.62,1022.5
105.87,114.83,948.62,1022.5
105.87,114.83,874.46,1022.5
100.54,118.25,1000.2,1022.5
100.54,104.31,1000.2,974.42
92.092,104.31,950.92,974.42
92.092,104.31,950.92,974.42
85.025,104.31,977.26,974.42
119.29,104.31,977.26,974.42
104.77,111.07,941.98,974.42
104.77,124.58,941.98,974.42
104.77,124.58,941.98,974.42
93.787,124.58,941.98,974.42
103.99,124.58,941.98,974.42
111.83,124.58,941.98,974.42
111.83,124.58,941.98,974.42
104.28,128.91,941.98,974.42
91.688,128.91,928.22,974.42
91.688,128.91,928.22,1014.5
111.36,128.91,928.22,1014.5
111.36,128.91,928.22,1014.5
111.36,128.91,986.67,1014.5
111.36,128.91,986.67,1014.5
90.468,116.19,986.67,1014.5
113.03,116.19,986.67,1014.5
116.08,110.27,949.86,1014.5
94.821,110.27,949.86,983.68
76.319,99.309,949.86,983.68
76.341,95.772,922.45,983.68
104.04,86.907,900.05,983.68
69.919,97.807,899.61,983.68
102.28,120.52,899.61,983.68
106.46,106.6,908.55,983.68
106.46,106.6,908.55,983.68
106.46,106.6,963.37,1000.6
106.46,106.6,963.37,1000.6
95.724,106.6,963.37,1055.7
95.724,106.6,963.37,1055.7
95.724,106.6,963.37,1005.7
95.724,108.78,998.93,1005.7
86.143,106.66,998.93,1005.7
91,97.551,998.93,1005.7
91,99.397,998.93,1005.7
91,99.397,891.41,1005.7
91,99.397,891.41,1043.2
91,101.01,891.41,1043.2
80.334,87.885,902.31,1033.8
80.334,87.885,902.31,1033.8
94.07,87.885,902.31,1021.9
96.956,113.96,902.31,1021.9
96.956,113.96,887.68,975.68
